Batch Name,Project Name,>= 1.00,>= 2.00,>= 5.00,>= 10.00,>= 25.00,>= 50.00
20251023_ABBV1451,ABBV1451_S01996_3M_p5-Run001,8719.17,1995.43,362.34,71.45,7.66,0.00
20251023_ABBV1451,ABBV1451_S01996_3M_p5-Run002,9344.52,2116.46,392.22,76.41,5.09,0.00
20251023_ABBV1451,ABBV1451_S01996_3M_p5-Run003,9120.39,2096.09,427.88,86.59,7.64,0.00
20251023_ABBV1451,ABBV1451_S01996_3M_p25-Run004,17552.27,4441.52,1216.65,366.52,25.45,5.09
20251023_ABBV1451,ABBV1451_S01996_3M_p25-Run005,16633.42,4125.90,1089.38,279.98,38.18,2.55
20251023_ABBV1451,ABBV1451_S01996_3M_p25-Run006,16943.95,4230.26,1132.65,297.80,35.63,5.09
20251023_ABBV1451,ABBV1451_S01996_3M_p40-Run007,24292.18,7910.74,2502.01,689.77,43.27,0.00
20251023_ABBV1451,ABBV1451_S01996_3M_p40-Run008,23714.40,7849.65,2509.65,822.13,61.09,2.55
20251023_ABBV1451,ABBV1451_S01996_3M_p40-Run009,24101.28,7890.38,2519.83,814.49,61.09,2.55
